<?xml version="1.0" encoding="UTF-8"?>
<project name="module_oc" default="compile.module.oc">
  <dirname property="module.oc.basedir" file="${ant.file.module_oc}"/>
  
  <property name="module.jdk.home.oc" value="${project.jdk.home}"/>
  <property name="module.jdk.bin.oc" value="${project.jdk.bin}"/>
  <property name="module.jdk.classpath.oc" value="${project.jdk.classpath}"/>
  
  <property name="compiler.args.oc" value="-encoding UTF-8 -source 11 -target 11 ${compiler.args}"/>
  
  <property name="oc.output.dir" value="${module.oc.basedir}/out/production/OC"/>
  <property name="oc.testoutput.dir" value="${module.oc.basedir}/out/test/OC"/>
  
  <path id="oc.module.bootclasspath">
    <!-- Paths to be included in compilation bootclasspath -->
  </path>
  
  <path id="oc.module.production.classpath">
    <path refid="${module.jdk.classpath.oc}"/>
  </path>
  
  <path id="oc.runtime.production.module.classpath">
    <pathelement location="${oc.output.dir}"/>
  </path>
  
  <path id="oc.module.classpath">
    <path refid="${module.jdk.classpath.oc}"/>
    <pathelement location="${oc.output.dir}"/>
  </path>
  
  <path id="oc.runtime.module.classpath">
    <pathelement location="${oc.testoutput.dir}"/>
    <pathelement location="${oc.output.dir}"/>
  </path>
  
  
  <patternset id="excluded.from.module.oc">
    <patternset refid="ignored.files"/>
  </patternset>
  
  <patternset id="excluded.from.compilation.oc">
    <patternset refid="excluded.from.module.oc"/>
  </patternset>
  
  <path id="oc.module.sourcepath">
    <dirset dir="${module.oc.basedir}">
      <include name="src"/>
    </dirset>
  </path>
  
  
  <target name="compile.module.oc" depends="compile.module.oc.production,compile.module.oc.tests" description="Compile module OC"/>
  
  <target name="compile.module.oc.production" depends="register.custom.compilers" description="Compile module OC; production classes">
    <mkdir dir="${oc.output.dir}"/>
    <javac2 destdir="${oc.output.dir}" debug="${compiler.debug}" nowarn="${compiler.generate.no.warnings}" memorymaximumsize="${compiler.max.memory}" fork="true" executable="${module.jdk.bin.oc}/javac">
      <compilerarg line="${compiler.args.oc}"/>
      <bootclasspath refid="oc.module.bootclasspath"/>
      <classpath refid="oc.module.production.classpath"/>
      <src refid="oc.module.sourcepath"/>
      <patternset refid="excluded.from.compilation.oc"/>
    </javac2>
    
    <copy todir="${oc.output.dir}">
      <fileset dir="${module.oc.basedir}/src">
        <patternset refid="compiler.resources"/>
        <type type="file"/>
      </fileset>
    </copy>
  </target>
  
  <target name="compile.module.oc.tests" depends="register.custom.compilers,compile.module.oc.production" description="compile module OC; test classes" unless="skip.tests"/>
  
  <target name="clean.module.oc" description="cleanup module">
    <delete dir="${oc.output.dir}"/>
    <delete dir="${oc.testoutput.dir}"/>
  </target>
</project>